model_type,test_acc,test_f1,test_auc,best_epoch
traditional,0.6115702479338843,0.5103896554005728,0.8341763771548137,21
