model_type,test_acc,test_f1,test_auc,best_epoch
traditional,0.859504132231405,0.8528301478178375,0.9528967066408706,48
