model_type,test_acc,test_f1,test_auc,best_epoch
traditional,0.8512396694214877,0.8428138706213573,0.9435156602254934,34
